Gene,Score
199675_at,66.17017231
9619_at,56.84916923
2359_at,56.29799173
5169_at,50.41295965
51108_at,48.56552173
6689_at,48.4584212
3507_at,47.27314578
6498_at,47.07763025
79087_at,46.48526399
2040_at,44.62923976
26509_at,44.33827407
4481_at,44.25425256
3067_at,43.95901165
326624_at,42.31756295
1628_at,41.7566008
2206_at,41.40474263
23136_at,41.22603147
729230_at,40.94696319
973_at,39.73061886
114793_at,39.53701185
64231_at,38.82666803
6507_at,38.55404806
740_at,38.44739183
759_at,38.17620768
4317_at,38.01872529
3399_at,37.94227549
3600_at,37.69345377
643_at,37.31463213
140739_at,37.31459824
5252_at,37.13553117
65057_at,37.03608261
6279_at,36.8438879
390617_at,36.60508361
23492_at,36.3143463
6772_at,36.29930563
974_at,36.23034181
100190952_at,35.90157146
9214_at,35.83580533
1088_at,35.75866175
29802_at,35.59794761
7295_at,35.40996952
23328_at,35.26081035
3240_at,35.20592296
167555_at,35.05771665
56670_at,35.01947551
7378_at,34.92573673
57552_at,34.78951082
1359_at,34.47936568
1462_at,34.44465014
28394_at,34.33308739
9332_at,34.32872912
8754_at,34.27552371
107984945_at,33.74994975
5027_at,33.62256458
105374412_at,33.37948966
2310_at,33.33528125
84824_at,33.28741488
10797_at,33.20996546
79703_at,33.07870349
28813_at,33.07600297
3934_at,32.73722317
1233_at,32.49651461
154214_at,32.44414696
100132965_at,32.12279427
51312_at,31.84897216
677809_at,31.52176846
4063_at,31.37850949
1647_at,31.3456495
26505_at,31.25836139
6229_at,31.20919059
58484_at,31.09238835
105369319_at,31.01339711
2309_at,30.97395712
27334_at,30.8904142
6272_at,30.8716516
306_at,30.86004399
2729_at,30.80292792
11138_at,30.73652574
388512_at,30.54658237
28614_at,30.54586199
10424_at,30.3037053
84868_at,30.11131246
6478_at,30.01216351
3992_at,29.80038648
51573_at,29.7791889
383_at,29.76680186
93978_at,29.62897194
1475_at,29.58087145
391012_at,29.48384997
10562_at,29.46127549
56833_at,29.41194325
2992_at,29.21728369
55331_at,28.8341883
51164_at,28.69861205
28817_at,28.63961069
389386_at,28.63094257
7027_at,28.54887363
28474_at,28.53293469
51056_at,28.38355091
29760_at,28.11709017
820_at,28.0606642
1879_at,28.04193651
28442_at,27.86034828
4057_at,27.78680756
654321_at,27.66736692
54509_at,27.48211441
286460_at,27.40689468
84953_at,27.34435911
10321_at,27.33466636
933_at,27.26759945
677771_at,27.18166925
53335_at,27.16196723
6546_at,27.10737534
391696_at,27.09119802
717_at,27.06767864
4860_at,26.88419394
10745_at,26.82161546
131583_at,26.66827245
4973_at,26.65378162
5208_at,26.65334434
28420_at,26.57460737
101927204_at,26.52354666
54733_at,26.51046947
55432_at,26.44847181
57690_at,26.4195407
671_at,26.41302544
283897_at,26.3770914
8819_at,26.30933354
713_at,26.30261974
7067_at,26.20219938
80199_at,26.19408584
8451_at,26.05171232
10158_at,26.02777989
4775_at,25.95219051
128869_at,25.82996078
677767_at,25.73099892
199786_at,25.71236234
53831_at,25.69310678
8175_at,25.63524794
441168_at,25.58736835
3707_at,25.56446714
54386_at,25.56342896
28809_at,25.55067854
55803_at,25.49936278
137994_at,25.49713578
916_at,25.45310463
7515_at,25.39114258
723778_at,25.35441554
9556_at,25.28461891
940_at,25.14595051
27314_at,25.08754489
3098_at,25.02842847
28452_at,24.96048935
154664_at,24.89228286
1193_at,24.83625866
8724_at,24.75088698
2235_at,24.73663093
2153_at,24.72735894
118932_at,24.7026409
5721_at,24.66869328
7163_at,24.66095354
692148_at,24.63203645
28479_at,24.62939367
6948_at,24.62023647
114599_at,24.61933451
64420_at,24.56450425
83638_at,24.55198307
644588_at,24.54871106
5051_at,24.53772479
10134_at,24.48412318
28434_at,24.43166942
11070_at,24.4038093
10949_at,24.3541791
55070_at,24.30701722
28697_at,24.28202448
54734_at,24.27041438
2205_at,24.20599075
28477_at,24.14860524
3301_at,24.09871152
9050_at,24.04255343
28946_at,24.00572388
100874417_at,23.93674647
28816_at,23.88765432
677806_at,23.76624167
57698_at,23.76459681
1349_at,23.66961504
3779_at,23.66410575
54855_at,23.60294451
79674_at,23.5735076
732229_at,23.53419078
84836_at,23.52891555
28423_at,23.4987369
81618_at,23.47426905
100616349_at,23.46019275
23052_at,23.41835451
9524_at,23.41012238
28818_at,23.39422573
7227_at,23.34947979
5273_at,23.34240968
597_at,23.33043793
2201_at,23.32128719
28468_at,23.31228144
6079_at,23.28426692
1514_at,23.22380972
5166_at,23.19890758
54757_at,23.15197816
3268_at,23.1515158
57600_at,23.01760195
9368_at,22.93416154
10184_at,22.91397204
347097_at,22.89058383
23601_at,22.83693656
149076_at,22.80967092
2624_at,22.76085516
51338_at,22.7495555
58526_at,22.74334111
1806_at,22.62434743
3603_at,22.59763586
79753_at,22.56866059
729497_at,22.56677123
677793_at,22.56084807
115004_at,22.55802008
81608_at,22.55137641
3652_at,22.51201498
29940_at,22.46278073
220002_at,22.45736339
64092_at,22.3995357
54543_at,22.329463
442707_at,22.324501
84065_at,22.30692327
23380_at,22.29639035
84342_at,22.21052363
1408_at,22.18017972
3045_at,22.17738933
28673_at,22.0160291
65108_at,21.98473137
28755_at,21.96916891
6044_at,21.96585289
6283_at,21.91537313
677832_at,21.89188745
28392_at,21.84000255
28388_at,21.80049466
3101_at,21.75657222
105377499_at,21.74677379
669_at,21.72996609
9149_at,21.6812769
3753_at,21.66295253
27300_at,21.58729113
28448_at,21.57193626
27240_at,21.52559455
939_at,21.52308086
3949_at,21.52260543
28426_at,21.52018049
6993_at,21.5130431
959_at,21.50507423
391356_at,21.49977988
115361_at,21.49483856
84985_at,21.48782857
10542_at,21.46765433
1731_at,21.45812136
126375_at,21.45793602
51314_at,21.45040119
644_at,21.43190727
339201_at,21.40073274
5687_at,21.39319927
57326_at,21.35483519
5977_at,21.22816445
911_at,21.22660508
9397_at,21.22236624
1669_at,21.21163172
28444_at,21.15896054
28948_at,21.15208011
80315_at,21.10415041
28683_at,21.10112051
57541_at,21.07702141
207_at,21.04085859
28834_at,21.02255788
28814_at,21.0028875
22882_at,20.9880693
10520_at,20.98204467
51218_at,20.93505479
8395_at,20.90578241
4680_at,20.90521686
439996_at,20.88879434
433_at,20.88580738
28900_at,20.87975917
55752_at,20.84278566
7357_at,20.79797693
728084_at,20.76740114
7328_at,20.76659954
5052_at,20.74125828
493856_at,20.7307212
388363_at,20.72420281
2289_at,20.68466899
56904_at,20.63345598
3112_at,20.6272817
56729_at,20.59878904
9806_at,20.50687553
1536_at,20.50537417
28628_at,20.48357896
28937_at,20.44760647
28947_at,20.44204426
100131187_at,20.41720638
5037_at,20.41208508
9978_at,20.40347298
28400_at,20.39276112
28671_at,20.38133359
55113_at,20.33646857
10435_at,20.28194037
8220_at,20.27526085
131870_at,20.2738605
3899_at,20.26132585
26051_at,20.18568404
100132417_at,20.15922138
4001_at,20.15709869
7095_at,20.14467723
100616195_at,20.09550067
254359_at,20.07177109
338339_at,19.93656528
100151683_at,19.93637167
1235_at,19.85551754
11326_at,19.85437969
80833_at,19.84222876
9300_at,19.83709196
26834_at,19.78171968
100506035_at,19.71152677
28825_at,19.69458014
28408_at,19.69286849
9679_at,19.68693794
3514_at,19.67180523
23204_at,19.66097354
28785_at,19.64148883
54900_at,19.61540784
9935_at,19.60536833
102724745_at,19.59567553
54028_at,19.58284309
104326191_at,19.57872172
28726_at,19.57805069
3538_at,19.56343658
6947_at,19.55185642
2872_at,19.53342705
4240_at,19.53063825
51272_at,19.52409779
946_at,19.51892662
28603_at,19.50762279
84285_at,19.50708165
284417_at,19.50292255
808_at,19.45164942
6602_at,19.43693185
5321_at,19.42899423
55640_at,19.4282379
57121_at,19.38857251
399665_at,19.3837072
8942_at,19.36567531
139324_at,19.36024394
5627_at,19.33079697
81831_at,19.32914533
28938_at,19.31955042
79796_at,19.31149953
285533_at,19.2737544
28429_at,19.2716245
9831_at,19.24507603
605_at,19.21759783
56942_at,19.19778512
9451_at,19.17065732
283089_at,19.09967028
28626_at,19.08228506
28722_at,19.05919569
22797_at,19.0362857
93995_at,18.96789664
353345_at,18.96721487
6147_at,18.96719324
101927438_at,18.96670883
9500_at,18.95232469
28581_at,18.94959837
10608_at,18.94483918
8031_at,18.91069496
644899_at,18.90886129
150465_at,18.82319297
1945_at,18.80209351
8607_at,18.79074706
1118_at,18.7774868
84255_at,18.77460127
5079_at,18.76618147
29097_at,18.75181898
6446_at,18.74381082
643339_at,18.7401338
7693_at,18.70588813
9917_at,18.70505379
28784_at,18.69524403
93663_at,18.69470288
56257_at,18.68675295
26810_at,18.68556065
23338_at,18.68509474
154881_at,18.68245409
57486_at,18.64707171
23582_at,18.63007589
257144_at,18.62708882
283209_at,18.59902221
2882_at,18.59773983
28481_at,18.59341823
84513_at,18.59118969
55423_at,18.59118786
686_at,18.57824605
166_at,18.56490196
28567_at,18.55699038
29116_at,18.54708733
10322_at,18.54702784
53822_at,18.54514722
23590_at,18.54439739
91_at,18.53575334
55450_at,18.49817359
28475_at,18.48883664
57126_at,18.48379187
105369968_at,18.48254789
5352_at,18.46554808
11043_at,18.45699312
133629_at,18.44856482
79872_at,18.4392944
107986153_at,18.42629892
3932_at,18.40111501
401431_at,18.39928083
5589_at,18.37044995
677792_at,18.34525755
84747_at,18.34189763
360_at,18.33412843
28949_at,18.3104681
105376196_at,18.30444001
8975_at,18.22199448
692223_at,18.21495918
3627_at,18.21381849
79867_at,18.20344503
3111_at,18.17608802
391475_at,18.17533806
28409_at,18.1550318
27040_at,18.1039134
84329_at,18.09730778
10280_at,18.08397119
9349_at,18.06096896
100287616_at,18.04668794
1348_at,18.04114317
100507632_at,18.02688841
1676_at,18.01721461
23198_at,18.01493029
90231_at,18.0148201
28941_at,18.01048861
9429_at,18.00941379
230_at,18.00776852
4128_at,17.99468695
79001_at,17.97674557
54764_at,17.97598573
28745_at,17.90878789
28766_at,17.89171202
25864_at,17.88837683
653579_at,17.88579593
8115_at,17.88543139
3176_at,17.88010233
92755_at,17.87606535
27005_at,17.86769014
10981_at,17.86140832
80832_at,17.85290607
4050_at,17.82568272
28943_at,17.82002544
374470_at,17.81560945
2512_at,17.805455
58476_at,17.80397263
51371_at,17.79935414
221472_at,17.77530921
79654_at,17.76427308
28424_at,17.72987706
28691_at,17.71256809
4267_at,17.70438295
23531_at,17.67612662
1845_at,17.66027724
79895_at,17.65651547
1269_at,17.63675316
100507125_at,17.5994281
5790_at,17.57446284
100506334_at,17.56967347
1624_at,17.5457414
51596_at,17.54495656
22845_at,17.54148365
931_at,17.47249803
644714_at,17.46817068
10791_at,17.43633807
9320_at,17.42255758
1901_at,17.42052802
28935_at,17.41859889
22837_at,17.41518933
834_at,17.40059972
7188_at,17.39583836
6856_at,17.39453892
28568_at,17.39398386
338099_at,17.38840065
79600_at,17.38408371
57125_at,17.37981107
28901_at,17.36691987
51710_at,17.35487021
59307_at,17.34950508
6504_at,17.33982438
10943_at,17.29207455
329_at,17.27906701
80820_at,17.27437246
1238_at,17.27283635
100126349_at,17.25179896
730102_at,17.25105756
10120_at,17.2269948
912_at,17.21700401
255394_at,17.2018335
53838_at,17.2006862
55370_at,17.19498048
84926_at,17.18480153
84898_at,17.18080681
3940_at,17.16960584
151790_at,17.16908943
6480_at,17.15642497
5685_at,17.15466077
55974_at,17.15252775
79034_at,17.13946668
102723409_at,17.13439693
9235_at,17.10973057
109617001_at,17.10766723
25849_at,17.07220683
2570_at,17.03589118
28653_at,17.0293441
83530_at,17.02747327
57659_at,17.02740844
4048_at,17.02690945
28395_at,16.99617395
55863_at,16.99419529
259197_at,16.98847213
10251_at,16.98395747
100874060_at,16.96717367
51327_at,16.94869691
54980_at,16.94507704
106481190_at,16.91120375
8780_at,16.91023284
28455_at,16.89846989
11230_at,16.89712885
100128327_at,16.8819175
10614_at,16.84624725
54504_at,16.83591448
3696_at,16.83094609
948_at,16.81061738
55342_at,16.80523152
414777_at,16.79286667
100132111_at,16.77947284
285367_at,16.75185369
2730_at,16.72922102
28620_at,16.72668899
100113407_at,16.72491178
57565_at,16.71184908
3542_at,16.69673395
2209_at,16.6911552
28950_at,16.68195047
6280_at,16.68125459
28727_at,16.67607601
3621_at,16.66719245
54187_at,16.65749761
101928242_at,16.65740065
8631_at,16.6567391
100506516_at,16.65028696
3959_at,16.63894246
1992_at,16.63076573
51759_at,16.62556246
9710_at,16.62503186
22937_at,16.61265844
9382_at,16.60975909
119358_at,16.60548952
10144_at,16.57828341
2643_at,16.57722876
677815_at,16.55727088
28706_at,16.55012222
3267_at,16.51305469
10758_at,16.50198664
121512_at,16.4899212
106480607_at,16.48853328
10152_at,16.48665393
10613_at,16.48298465
653364_at,16.46422989
9241_at,16.45283568
129642_at,16.42578044
109617003_at,16.4140512
28811_at,16.37164935
84876_at,16.37067479
55204_at,16.35948352
7016_at,16.34509509
100422194_at,16.32841486
7264_at,16.29400883
55374_at,16.28969879
967_at,16.28571857
65125_at,16.27450547
5204_at,16.25250707
28739_at,16.22214535
390284_at,16.21011049
28716_at,16.1957414
1875_at,16.17826527
3005_at,16.17616043
483_at,16.13944946
677770_at,16.11811138
7763_at,16.08892637
7071_at,16.08142005
10419_at,16.0806233
7694_at,16.06942067
6897_at,16.06556205
149345_at,16.04088171
55833_at,16.0282462
2833_at,16.02700973
28907_at,16.0190821
22807_at,16.01664877
55240_at,16.00161738
114294_at,15.97556841
90204_at,15.97473821
10365_at,15.97146788
114836_at,15.96967912
359997_at,15.96887376
28821_at,15.95021793
441073_at,15.94830873
80853_at,15.93845284
619505_at,15.93651739
106479323_at,15.93575869
84418_at,15.9342158
29799_at,15.93256337
5590_at,15.9225088
100652772_at,15.9117494
51523_at,15.88440896
28721_at,15.87484261
100505702_at,15.85750066
55723_at,15.81777737
3836_at,15.80949067
4637_at,15.79982048
28606_at,15.79258092
54994_at,15.78889064
28713_at,15.77817074
8313_at,15.77708604
5004_at,15.74361546
28749_at,15.73712247
5996_at,15.72807236
115650_at,15.67354397
23344_at,15.66910094
3040_at,15.66090398
55356_at,15.65156044
23191_at,15.64694328
11345_at,15.6286907
4814_at,15.62698063
246329_at,15.60643674
286043_at,15.59192467
2043_at,15.58278823
3033_at,15.56745466
23609_at,15.56349681
114884_at,15.55211996
51490_at,15.54871133
147138_at,15.54234327
342510_at,15.53965028
130355_at,15.5105028
4942_at,15.50979812
10859_at,15.49742713
645506_at,15.48789676
122402_at,15.45645524
162466_at,15.4408391
11279_at,15.43055871
4205_at,15.41317381
5510_at,15.38830203
100419645_at,15.37987727
9466_at,15.37354685
79005_at,15.3666842
203068_at,15.36547022
28793_at,15.35661628
25942_at,15.34610466
9590_at,15.33078548
19_at,15.32490341
27069_at,15.30758121
3505_at,15.30440036
1232_at,15.29859532
10771_at,15.2948442
11184_at,15.29136991
56911_at,15.2867057
10099_at,15.26511543
84436_at,15.25958831
28796_at,15.23623551
26796_at,15.23111485
27235_at,15.22929892
9517_at,15.22643662
152579_at,15.22016332
2987_at,15.21773008
81606_at,15.21406538
971_at,15.21164064
54491_at,15.20218423
10209_at,15.19749064
7150_at,15.18449215
54910_at,15.1841412
116362_at,15.16333885
567_at,15.14939208
8804_at,15.13878514
11006_at,15.12647231
51510_at,15.11564893
28908_at,15.09692895
26130_at,15.08917394
166929_at,15.08833413
8050_at,15.08796256
217_at,15.08660069
29979_at,15.04612255
28657_at,15.04519149
677808_at,15.03540361
100379571_at,15.03078568
22858_at,15.02864497
921_at,15.01875221
28656_at,15.0155059
55332_at,15.01513588
25780_at,15.01346093
100422342_at,15.0131103
919_at,14.99164403
10299_at,14.98387858
204851_at,14.9838702
5036_at,14.94898042
147837_at,14.93464256
3502_at,14.92584771
5450_at,14.91812493
107986115_at,14.91695167
101928126_at,14.90775096
55757_at,14.90129567
116369_at,14.90096755
143689_at,14.89781804
10766_at,14.87639239
79073_at,14.87331069
283663_at,14.87130609
152006_at,14.86676721
2107_at,14.85217934
4697_at,14.85082672
84749_at,14.84370115
100507458_at,14.83880264
595097_at,14.82287994
283710_at,14.80338894
257019_at,14.80129851
54103_at,14.7779902
26123_at,14.77749715
1164_at,14.76422663
7326_at,14.76040901
1019_at,14.75839556
28750_at,14.7546703
7343_at,14.74363521
677781_at,14.73988327
26778_at,14.73926205
640_at,14.7177331
28674_at,14.71277162
677811_at,14.7042637
105369151_at,14.69995301
932_at,14.69867119
8727_at,14.67971258
57463_at,14.67138807
28299_at,14.66919549
441191_at,14.66904817
55643_at,14.63906807
10228_at,14.63618063
7014_at,14.60423019
348378_at,14.60094331
83528_at,14.59861997
50615_at,14.5963343
79078_at,14.58495413
254428_at,14.58081719
4968_at,14.57925469
622_at,14.56546094
85315_at,14.56126757
6296_at,14.56056643
85462_at,14.55815593
158401_at,14.53985271
90488_at,14.53789633
7389_at,14.53029754
28445_at,14.52023438
283603_at,14.50143984
10220_at,14.49689482
3717_at,14.48415343
57343_at,14.47904833
22905_at,14.47669955
100750247_at,14.47070223
79144_at,14.4704935
28682_at,14.46127613
170536_at,14.45874173
131096_at,14.45051956
646463_at,14.44850818
201232_at,14.4341115
729119_at,14.43201413
677776_at,14.43029049
9328_at,14.41538427
4318_at,14.39969976
23643_at,14.39327056
57095_at,14.39303218
128077_at,14.38868694
55796_at,14.3863854
140707_at,14.38473942
4345_at,14.3724798
9049_at,14.3655538
412_at,14.350629
79156_at,14.34013177
9056_at,14.33877962
28690_at,14.32086824
4601_at,14.30346931
607_at,14.30006942
28912_at,14.29882691
55024_at,14.28869468
23231_at,14.25606717
23075_at,14.24407101
55178_at,14.24345147
144983_at,14.24285382
692211_at,14.23275842
65094_at,14.23062249
103156999_at,14.19547348
10248_at,14.19137097
25799_at,14.17835683
28718_at,14.17211774
1512_at,14.16932193
8303_at,14.16159661
254100_at,14.16152202
23305_at,14.15704602
10342_at,14.15488981
950_at,14.14177042
4140_at,14.11719302
344787_at,14.11565415
200185_at,14.10552323
56894_at,14.10064794
760_at,14.09928644
51150_at,14.08996775
55314_at,14.07328126
6956_at,14.06833011
253558_at,14.0618114
57291_at,14.0422968
79791_at,14.04113921
90529_at,14.03672839
11221_at,14.02986501
51474_at,14.02421784
253725_at,14.02419443
619569_at,13.99683621
28692_at,13.98020305
100289333_at,13.96881904
440603_at,13.96802581
84861_at,13.96469755
301_at,13.95636679
343171_at,13.94926638
414765_at,13.94358228
124535_at,13.9386872
101929767_at,13.92896318
930_at,13.92815294
79836_at,13.92448746
28822_at,13.9234636
400512_at,13.90692634
442234_at,13.88593106
6472_at,13.86740573
93145_at,13.85732753
5911_at,13.8533098
100287402_at,13.85160102
28725_at,13.84154728
60626_at,13.82608463
93953_at,13.81430738
840_at,13.81324581
100462953_at,13.8121089
3494_at,13.81073583
10201_at,13.80709654
692196_at,13.80006329
10197_at,13.7858214
245802_at,13.77686603
100506779_at,13.75890822
5110_at,13.74771691
5187_at,13.74272474
28689_at,13.73925139
23313_at,13.72578432
6303_at,13.72063306
28699_at,13.72000452
729340_at,13.71833125
1725_at,13.71766969
8655_at,13.7140204
23095_at,13.7099355
28746_at,13.70289062
23762_at,13.69922166
3039_at,13.67448023
6732_at,13.66958224
923_at,13.6663467
3501_at,13.65739995
23274_at,13.65626639
619568_at,13.65285695
51301_at,13.6464533
100506710_at,13.62986058
4150_at,13.61848769
5569_at,13.61754373
56935_at,13.60852495
79594_at,13.58204175
6921_at,13.57974384
684959_at,13.56920707
105369609_at,13.56022032
4353_at,13.55058015
2207_at,13.53827356
23386_at,13.53217334
90120_at,13.529615
1350_at,13.52296465
197320_at,13.50863401
80317_at,13.50718191
389541_at,13.50206283
64061_at,13.49318137
11072_at,13.48735505
641467_at,13.48415425
28688_at,13.47454723
28666_at,13.47196737
3624_at,13.46045086
8454_at,13.45665695
6583_at,13.44615752
115350_at,13.44495014
2519_at,13.44309273
106144599_at,13.43729237
79960_at,13.43269901
8079_at,13.42721656
113263_at,13.42286949
28702_at,13.38804062
28684_at,13.38744571
7324_at,13.36627175
105377864_at,13.36049106
267_at,13.32721103
51125_at,13.29453339
28774_at,13.28755111
105376290_at,13.28184288
917_at,13.28097448
388564_at,13.28088926
28449_at,13.27671416
28797_at,13.27516798
150759_at,13.26537316
28717_at,13.25186288
340547_at,13.24959442
79037_at,13.2471452
84993_at,13.23358779
146434_at,13.22695332
4211_at,13.22107257
28724_at,13.21589067
55907_at,13.20311351
965_at,13.19266931
79786_at,13.18612983
58475_at,13.16465949
28747_at,13.14650674
28670_at,13.14211542
84689_at,13.13731977
54847_at,13.13538222
8718_at,13.13225737
28733_at,13.12267046
2286_at,13.11606065
283888_at,13.1123978
23164_at,13.09563468
114034_at,13.09411374
28609_at,13.08502998
388_at,13.07499859
4953_at,13.07450825
56052_at,13.06376718
28710_at,13.06095785
28501_at,13.05764458
28719_at,13.04528051
147007_at,13.03531752
101929447_at,13.02331286
642262_at,13.02163181
105379054_at,13.00963217
80232_at,13.00528527
5824_at,12.97656314
100420571_at,12.9427905
140606_at,12.92225924
5152_at,12.91993696
23670_at,12.91188093
105375839_at,12.91076808
286333_at,12.9011927
52_at,12.89943199
79368_at,12.8937203
6319_at,12.88250025
100505648_at,12.87591442
1347_at,12.87533721
9422_at,12.87441723
4312_at,12.8737782
22954_at,12.86602928
28594_at,12.85725428
307_at,12.85720261
1495_at,12.8556862
284367_at,12.85340669
79064_at,12.83606469
847_at,12.81451305
28387_at,12.80595403
2788_at,12.80514251
26775_at,12.80240317
100505783_at,12.80030201
51071_at,12.77099306
64596_at,12.74734747
201475_at,12.73031955
10273_at,12.7286361
151176_at,12.72489117
777_at,12.72458478
10964_at,12.71803931
109616971_at,12.71411987
10055_at,12.71036074
28680_at,12.70325067
56941_at,12.70302005
825_at,12.69591407
3730_at,12.68770724
9760_at,12.68696121
402120_at,12.68341663
274_at,12.66691355
7444_at,12.66632482
25826_at,12.64759061
57001_at,12.64308306
26030_at,12.63355933
80774_at,12.63073134
2308_at,12.62284954
286336_at,12.62220124
10263_at,12.61505241
81847_at,12.61183353
8570_at,12.6091988
7453_at,12.60679898
3148_at,12.59881197
115201_at,12.58606818
11156_at,12.58503138
203859_at,12.56109906
28505_at,12.54733164
28732_at,12.53414577
1991_at,12.52921772
2210_at,12.51751061
975_at,12.51571061
93058_at,12.50408998
81993_at,12.50157137
59340_at,12.49712697
25893_at,12.4949934
729083_at,12.48987533
91782_at,12.48338521
147686_at,12.47295932
23587_at,12.46312726
131450_at,12.45594593
54681_at,12.45279313
6645_at,12.43314546
83743_at,12.43192049
7423_at,12.42935132
22955_at,12.42843741
28804_at,12.42460393
54915_at,12.42234739
142_at,12.40471851
116115_at,12.40042045
388650_at,12.39813338
718_at,12.38600695
89894_at,12.378693
100616456_at,12.37819715
28728_at,12.37149671
26035_at,12.35847934
28385_at,12.35740019
57184_at,12.35500404
51284_at,12.34873822
1890_at,12.34757918
57658_at,12.34055327
90379_at,12.33907275
10782_at,12.33486784
387707_at,12.329822
26502_at,12.32820534
84174_at,12.3121095
84775_at,12.30960975
254887_at,12.30769006
28741_at,12.30730064
28677_at,12.30457169
117247_at,12.30244949
28623_at,12.28801403
90459_at,12.28555516
63935_at,12.28200502
28751_at,12.27920656
6723_at,12.26289026
126917_at,12.2551278
390927_at,12.24721569
203328_at,12.24610267
6135_at,12.23533511
1024_at,12.2314812
23370_at,12.23033928
400713_at,12.22649089
375484_at,12.21222151
26100_at,12.21215977
7100_at,12.20226511
28592_at,12.18633003
8398_at,12.18337365
539_at,12.18196887
28734_at,12.17407486
2625_at,12.17274475
25934_at,12.16264236
9732_at,12.14961055
399_at,12.14720445
100421246_at,12.14452427
56949_at,12.14406033
64236_at,12.13990985
58488_at,12.1378269
7178_at,12.13534581
5528_at,12.1307184
22866_at,12.11797014
10490_at,12.11244776
5019_at,12.09502365
27185_at,12.07838557
253012_at,12.07660792
155066_at,12.05072811
10632_at,12.04222926
22903_at,12.03717908
28483_at,12.02936831
26338_at,12.01778735
23166_at,12.00401185
83607_at,12.00279736
392437_at,12.00100077
23157_at,11.98624523
677821_at,11.97243228
160518_at,11.97182854
57711_at,11.96751441
4707_at,11.96437743
100505622_at,11.96247396
146330_at,11.96145203
51400_at,11.96099915
53347_at,11.94967659
26119_at,11.94922348
155038_at,11.94137051
28736_at,11.93577995
7476_at,11.91406685
3811_at,11.91279601
23306_at,11.90856465
91050_at,11.90620245
81539_at,11.89759177
6944_at,11.88843558
83416_at,11.86868419
2766_at,11.85956727
8535_at,11.8485128
25932_at,11.84556827
84792_at,11.83472501
660_at,11.82815927
51728_at,11.8156113
148823_at,11.814666
128646_at,11.80669393
100422106_at,11.80536998
2079_at,11.80150935
28698_at,11.79502833
2633_at,11.7925339
6837_at,11.78916113
4351_at,11.77046083
105376569_at,11.75349943
23403_at,11.75167032
285505_at,11.74813309
28772_at,11.74685493
2078_at,11.74421412
1073_at,11.73504021
51304_at,11.72004304
9726_at,11.71059442
84612_at,11.70695556
55229_at,11.70541388
220042_at,11.69915796
246754_at,11.69350463
140564_at,11.68898643
2959_at,11.68628588
55658_at,11.68522192
131540_at,11.68238461
6181_at,11.67712123
83938_at,11.67626483
90121_at,11.66689816
57415_at,11.66385409
9604_at,11.65240929
10855_at,11.65088518
28882_at,11.650213
222236_at,11.64889518
400759_at,11.64746737
7388_at,11.63909988
374403_at,11.6383168
4242_at,11.62843208
26785_at,11.62516123
55653_at,11.62298561
84916_at,11.61180733
23417_at,11.60887171
105376090_at,11.59284472
2826_at,11.58389314
3712_at,11.57173708
79831_at,11.57012324
64852_at,11.56421065
6932_at,11.5619151
256435_at,11.56035768
729313_at,11.54651766
64769_at,11.54535111
100126341_at,11.54256843
107984970_at,11.51813776
55706_at,11.50826781
6973_at,11.50669565
4709_at,11.49370396
3163_at,11.48894572
103910_at,11.47450134
5546_at,11.47292066
644051_at,11.46756169
80212_at,11.46613111
79673_at,11.46461406
100130029_at,11.46004321
116151_at,11.44909415
6209_at,11.43988658
105370676_at,11.43113259
5337_at,11.42535587
11213_at,11.41557922
28638_at,11.41385517
692109_at,11.40394642
106481160_at,11.39962805
3561_at,11.39770186
10671_at,11.39483778
644522_at,11.39374749
28465_at,11.3877175
6844_at,11.3860691
23220_at,11.38290562
105369325_at,11.3797342
92285_at,11.36894547
55027_at,11.36567617
644961_at,11.36476944
79066_at,11.36471363
340152_at,11.36173283
84290_at,11.3600263
116931_at,11.35194089
105372712_at,11.34439406
6374_at,11.32663848
125919_at,11.32543158
444_at,11.32271372
521_at,11.31318908
7850_at,11.30883908
26249_at,11.30663622
3503_at,11.29905678
951_at,11.29833798
64174_at,11.29611899
653441_at,11.29329343
8697_at,11.29272602
102723922_at,11.28493986
5425_at,11.27245684
54850_at,11.2581612
6130_at,11.25126723
105373195_at,11.2512282
28457_at,11.24763859
170622_at,11.2443443
28723_at,11.23705427
374_at,11.22928665
440712_at,11.21922021
100287215_at,11.20963637
594_at,11.20890807
79939_at,11.20862636
27341_at,11.20632848
8555_at,11.20283083
55094_at,11.20023302
692233_at,11.1967394
83666_at,11.19533231
100379661_at,11.17285531
342618_at,11.16233243
10235_at,11.16194441
8396_at,11.15459743
2869_at,11.1526373
4694_at,11.15140309
22822_at,11.14978852
643332_at,11.14633276
79966_at,11.14384846
1622_at,11.13562083
91869_at,11.13343975
10241_at,11.13127299
60674_at,11.12895417
AFFX-r2-Ec-bioD-5_at,11.12834677
8434_at,11.12062998
10289_at,11.1101615
10067_at,11.10455957
79847_at,11.10100042
170591_at,11.09801157
724105_at,11.09302432
3495_at,11.07442525
1326_at,11.06626104
23526_at,11.06245442
10929_at,11.0608937
163702_at,11.06067973
5641_at,11.05521498
7504_at,11.04833288
55802_at,11.04218124
58473_at,11.03834057
160335_at,11.03757029
134266_at,11.03736113
55775_at,11.02918575
647132_at,11.01624769
10982_at,10.98836802
319139_at,10.97473758
1730_at,10.97326187
28715_at,10.97095493
7311_at,10.96513272
3720_at,10.94629948
28707_at,10.94576793
6671_at,10.93736894
9581_at,10.93547823
9266_at,10.93467349
216_at,10.91969604
106480384_at,10.91772668
2395_at,10.91489938
50861_at,10.91215235
51239_at,10.90933362
8402_at,10.90721508
84619_at,10.90302348
100128398_at,10.9006805
5939_at,10.8993869
22806_at,10.89822602
28660_at,10.88860561
5164_at,10.88361672
2681_at,10.88105316
100506672_at,10.87089764
5935_at,10.87041778
391160_at,10.86907589
51495_at,10.86389213
28643_at,10.86333343
22934_at,10.86024669
1124_at,10.85925042
5209_at,10.84632206
55096_at,10.83746741
54581_at,10.83352244
90139_at,10.81420566
79772_at,10.81244205
51104_at,10.808537
6560_at,10.80723686
3586_at,10.80423179
647302_at,10.80022717
132299_at,10.79839509
84798_at,10.79734278
3422_at,10.77584637
9489_at,10.77054106
2647_at,10.76994832
212_at,10.76897124
126282_at,10.75592731
284764_at,10.75058971
1066_at,10.74597851
84720_at,10.7457987
28672_at,10.74409779
1380_at,10.73593439
8623_at,10.73545344
106480542_at,10.72881014
107984396_at,10.72795231
7542_at,10.72787035
100873933_at,10.72654523
3139_at,10.72480589
28391_at,10.71604059
55893_at,10.7154584
924_at,10.70274053
390980_at,10.70250913
6734_at,10.69590194
27257_at,10.69339595
202559_at,10.68822263
2131_at,10.65345508
7037_at,10.64461698
79652_at,10.63107869
1500_at,10.62803101
942_at,10.62646212
51382_at,10.62583695
10489_at,10.62092828
11278_at,10.61958221
57522_at,10.61904018
26127_at,10.617755
83605_at,10.61750985
100506392_at,10.61731742
2180_at,10.61284359
7368_at,10.60307757
222068_at,10.6014671
901_at,10.59362547
50809_at,10.59173191
26207_at,10.59025515
100873746_at,10.58954713
338091_at,10.57666895
28640_at,10.5577735
151306_at,10.54637088
6836_at,10.54623854
441951_at,10.54383166
4283_at,10.54108184
3565_at,10.53906785
1337_at,10.53571258
10447_at,10.53460038
5683_at,10.53369772
728675_at,10.5284164
10223_at,10.5271405
10207_at,10.52319285
8740_at,10.52165324
54876_at,10.51466397
105369593_at,10.51411622
90861_at,10.51312176
3493_at,10.51060606
51267_at,10.5026641
5292_at,10.49396017
57089_at,10.48262933
93380_at,10.47079637
2005_at,10.46769531
79958_at,10.46444337
285989_at,10.46194243
23312_at,10.45957976
9139_at,10.45750983
1435_at,10.45366998
2176_at,10.45238703
79100_at,10.44759923
326605_at,10.44205001
3500_at,10.43063726
432369_at,10.42149199
57553_at,10.41806156
79065_at,10.41623836
123169_at,10.40961632
55852_at,10.40517493
1788_at,10.40342495
26781_at,10.4029771
390535_at,10.39897933
7465_at,10.38857654
105370281_at,10.38503461
28803_at,10.38141206
90410_at,10.37920885
390110_at,10.37342393
2650_at,10.37087167
54819_at,10.36642233
23043_at,10.36568831
2820_at,10.36293761
346157_at,10.36282713
1819_at,10.35593455
285025_at,10.33624039
51313_at,10.334606
55016_at,10.33371522
64925_at,10.32862166
11123_at,10.32757494
91749_at,10.31945191
101060341_at,10.30587346
11022_at,10.30530284
897_at,10.30267655
107985124_at,10.30215216
51181_at,10.29930623
112267855_at,10.29559878
10440_at,10.29074348
4772_at,10.28310854
125170_at,10.27656231
221188_at,10.26829269
9409_at,10.25030344
440434_at,10.24836584
219927_at,10.24615541
100287085_at,10.22587061
107985228_at,10.22586241
4236_at,10.22192613
677773_at,10.21913475
56478_at,10.21702924
4089_at,10.21668157
966_at,10.21592785
648927_at,10.21385741
26205_at,10.20652996
6962_at,10.20627552
83746_at,10.19998192
28754_at,10.19316205
969_at,10.19224456
90673_at,10.18820339
3615_at,10.18395976
644873_at,10.18319307
79971_at,10.18283251
84765_at,10.1821169
5621_at,10.18054011
4605_at,10.17971853
101926893_at,10.17774549
85457_at,10.17770657
84256_at,10.17534224
51639_at,10.17533237
100421515_at,10.17432629
55718_at,10.17015374
285453_at,10.16984643
26802_at,10.16941838
84679_at,10.16761438
50515_at,10.16102251
23635_at,10.1597816
22847_at,10.15555961
83478_at,10.15413679
146691_at,10.1538045
9112_at,10.15043014
80764_at,10.13956721
5518_at,10.13236996
6610_at,10.13234161
8291_at,10.13208629
28738_at,10.13020502
84964_at,10.11705723
6037_at,10.11476927
1950_at,10.11457334
400798_at,10.10220281
55957_at,10.10004884
7535_at,10.08892783
2219_at,10.08868238
23014_at,10.08698599
51599_at,10.08391228
7128_at,10.08196036
107984004_at,10.07837781
9070_at,10.07625377
9446_at,10.07492634
654484_at,10.07490634
245812_at,10.07183106
506_at,10.06466414
63874_at,10.05919759
692073_at,10.0588708
27010_at,10.04701913
1031_at,10.04592671
23607_at,10.03716167
54433_at,10.02807654
4773_at,10.02267276
55784_at,10.02246889
2760_at,10.02037573
4651_at,10.01269438
10294_at,10.01263445
6565_at,10.01053675
28874_at,10.01016841
3417_at,9.999245076
26226_at,9.998162992
10155_at,9.987565279
254531_at,9.978986589
101929935_at,9.969626929
1310_at,9.965698737
11161_at,9.962659461
1374_at,9.958484473
9605_at,9.954160497
389906_at,9.950591945
162972_at,9.949867088
730086_at,9.94875437
4898_at,9.945804689
143458_at,9.944156669
5008_at,9.942154429
529_at,9.931895686
6036_at,9.93030997
387921_at,9.927431321
100420877_at,9.925571296
196410_at,9.92484166
23221_at,9.924709443
6471_at,9.920624131
55272_at,9.919346994
57182_at,9.918188923
64332_at,9.915654966
105370491_at,9.909867928
10252_at,9.907696692
28783_at,9.907268194
100131328_at,9.90107497
5287_at,9.899553302
105372100_at,9.898434864
79096_at,9.897241318
387032_at,9.880637939
11258_at,9.874428143
10691_at,9.869905566
28667_at,9.868086304
11163_at,9.866281343
28705_at,9.858024226
79183_at,9.853313774
5606_at,9.844994249
26765_at,9.843306504
100129917_at,9.842693537
3320_at,9.839933148
338004_at,9.834997361
27343_at,9.831575489
117289_at,9.823821254
203_at,9.823474656
54602_at,9.823357898
100507567_at,9.817203765
102723784_at,9.816433165
25994_at,9.810687969
23001_at,9.810673767
11285_at,9.809197299
59342_at,9.806195148
113419_at,9.803538247
26994_at,9.799173411
105371590_at,9.795236025
2791_at,9.78992592
56945_at,9.782771175
9060_at,9.782406093
100506881_at,9.781617598
2026_at,9.778314485
100500808_at,9.775375749
10927_at,9.772713802
101618237_at,9.768025337
1616_at,9.767842354
9301_at,9.76712963
56994_at,9.76320702
10314_at,9.753428991
146206_at,9.751547064
7710_at,9.747778368
27250_at,9.730409553
57472_at,9.727140769
643036_at,9.720544833
5440_at,9.712775027
64795_at,9.711429929
729683_at,9.710544767
157285_at,9.693989259
100137047_at,9.69124519
677775_at,9.690213344
5150_at,9.689157112
116211_at,9.689011263
338699_at,9.682794851
55290_at,9.682383171
253128_at,9.678331108
130540_at,9.676884278
2208_at,9.672096958
728921_at,9.670071402
79643_at,9.669222748
8660_at,9.66790434
28464_at,9.663005814
28499_at,9.662077083
3931_at,9.660313284
51588_at,9.653229632
51065_at,9.646003095
8445_at,9.639252425
28778_at,9.63651307
6541_at,9.633757443
10225_at,9.632288116
503645_at,9.629207471
7855_at,9.627819622
7597_at,9.627507109
26835_at,9.623587702
7185_at,9.622533891
84911_at,9.621398723
1154_at,9.61066868
56888_at,9.610044227
54505_at,9.609534558
106480442_at,9.605085011
28748_at,9.600754323
28476_at,9.597491822
256051_at,9.577734649
28884_at,9.577219434
51232_at,9.575767149
84433_at,9.575133549
57446_at,9.571879952
8738_at,9.564872148
91574_at,9.561682231
914_at,9.559086411
115352_at,9.55889885
10094_at,9.55811114
6773_at,9.555156802
199_at,9.553411576
100189203_at,9.552735752
81562_at,9.548942248
22889_at,9.540428604
9551_at,9.534596582
23569_at,9.534589963
5500_at,9.531731301
64757_at,9.528188588
643641_at,9.527279743
1432_at,9.525995791
60678_at,9.522929996
27229_at,9.495510425
7745_at,9.485844458
100420317_at,9.480540728
36_at,9.472962306
23368_at,9.472709726
647002_at,9.472532559
8218_at,9.469661246
6141_at,9.46631287
55762_at,9.462590856
3324_at,9.453008572
57479_at,9.448819939
7329_at,9.445830983
952_at,9.439838098
3690_at,9.435830686
9535_at,9.435732277
22927_at,9.434871944
125950_at,9.42902495
7126_at,9.428384673
2230_at,9.424962944
110091775_at,9.421776463
26787_at,9.41510483
11171_at,9.408704143
2651_at,9.401030648
692063_at,9.399727428
94161_at,9.399226112
23373_at,9.397552362
93210_at,9.394978782
221294_at,9.392178537
5608_at,9.388071125
57198_at,9.384231775
100500879_at,9.384035515
94240_at,9.375331902
22933_at,9.363821531
9020_at,9.358227552
79979_at,9.352481208
6843_at,9.349640376
28972_at,9.348801384
100422984_at,9.347283538
6647_at,9.342214262
84034_at,9.338190184
714_at,9.331984112
29914_at,9.32996124
133522_at,9.312705257
26289_at,9.309057145
85414_at,9.30869534
100507392_at,9.307616737
51389_at,9.303718102
677830_at,9.302416549
341056_at,9.299345537
5886_at,9.298386018
26793_at,9.297957863
171546_at,9.29394181
79147_at,9.293713939
7289_at,9.290622493
4952_at,9.289502281
6154_at,9.279513705
100421746_at,9.277282198
63893_at,9.27628159
28737_at,9.274066439
8847_at,9.27269373
152485_at,9.269051131
1649_at,9.266258886
2745_at,9.262426879
336_at,9.259978796
10316_at,9.259773065
10903_at,9.258878575
100130581_at,9.258254988
103752589_at,9.256264817
101929694_at,9.25410082
7251_at,9.253686098
5727_at,9.252962123
8993_at,9.248971556
152992_at,9.244277533
7526_at,9.237373494
84833_at,9.235577395
80741_at,9.235097023
106479665_at,9.23231134
55103_at,9.224865488
400986_at,9.220991185
107985395_at,9.219244227
728661_at,9.218414311
107986749_at,9.214897772
1856_at,9.213780625
5610_at,9.210648086
267020_at,9.209273758
388325_at,9.20903515
489_at,9.205235511
80772_at,9.204732285
309_at,9.19477511
107986233_at,9.193401661
6191_at,9.192628508
128611_at,9.191059002
84072_at,9.190977056
116448_at,9.189219367
60437_at,9.188550345
388552_at,9.186687662
90809_at,9.186372494
105372741_at,9.179174292
28410_at,9.175391642
60468_at,9.168465363
440704_at,9.164757384
28701_at,9.157602501
26048_at,9.155994345
55858_at,9.150109461
57633_at,9.147839599
90338_at,9.146658273
100130231_at,9.14469988
23446_at,9.142321546
26750_at,9.136631948
406962_at,9.127410255
647087_at,9.121919325
23287_at,9.112551836
83931_at,9.106017901
80145_at,9.094119526
11338_at,9.093772283
106481847_at,9.088349768
25829_at,9.075927251
5583_at,9.067068979
55239_at,9.064094742
8887_at,9.057331929
5467_at,9.044101025
5153_at,9.038647889
677834_at,9.037988993
5689_at,9.036605244
23270_at,9.03447292
677826_at,9.032706228
100419673_at,9.031033734
4285_at,9.025852365
729220_at,9.02291481
9943_at,9.007251446
64426_at,9.006937756
9663_at,9.000815702
162989_at,8.999138988
54043_at,8.998941198
105373175_at,8.99320446
6604_at,8.993024047
105378367_at,8.991948482
7627_at,8.991862614
26789_at,8.989675756
28619_at,8.987429979
27102_at,8.982768794
93624_at,8.981985474
51776_at,8.97694984
55001_at,8.955968272
728664_at,8.950399616
128822_at,8.942632137
317648_at,8.936654157
4174_at,8.92955559
105373199_at,8.924228881
64919_at,8.918394115
3543_at,8.909442137
1797_at,8.906612477
283971_at,8.903290951
28693_at,8.897150918
642_at,8.896061179
54875_at,8.892955919
55729_at,8.885426773
79683_at,8.882190017
168741_at,8.881513961
9829_at,8.880934884
257093_at,8.879656046
89801_at,8.87524757
106480465_at,8.868839143
101928422_at,8.865816208
1477_at,8.863523424
4035_at,8.861504719
442239_at,8.861148887
55760_at,8.857182229
28753_at,8.850884066
8569_at,8.848067928
388228_at,8.847921148
6097_at,8.846386381
10161_at,8.84629129
23508_at,8.846172458
4708_at,8.843328646
136051_at,8.840202617
55175_at,8.832562386
58480_at,8.82874701
4835_at,8.815953859
55734_at,8.815878203
29904_at,8.813930255
101926949_at,8.805879444
100431168_at,8.805714863
7884_at,8.800196879
83937_at,8.79909316
968_at,8.795866434
100652865_at,8.795112366
9929_at,8.793780315
51270_at,8.792553069
23150_at,8.791138244
10257_at,8.787067076
100287932_at,8.785793029
9600_at,8.784900895
83667_at,8.782186645
28591_at,8.781801494
284759_at,8.780749074
80325_at,8.779209156
1182_at,8.77590799
120872_at,8.771566672
101928603_at,8.770871054
54762_at,8.767728735
79980_at,8.767441649
23184_at,8.766298823
5536_at,8.764656512
29956_at,8.758940542
55536_at,8.751055019
162427_at,8.749439758
5618_at,8.74941411
8192_at,8.747198938
11083_at,8.744449018
100129482_at,8.741633829
5887_at,8.736939629
728_at,8.736673241
64718_at,8.735773458
100507562_at,8.732106306
104472714_at,8.731784409
10388_at,8.727695986
79690_at,8.726639274
100616279_at,8.726571823
28646_at,8.726025565
25804_at,8.723768112
79134_at,8.722289724
107985971_at,8.720753865
7737_at,8.720632721
83541_at,8.715707266
837_at,8.710462076
80149_at,8.709719497
28744_at,8.705556922
1196_at,8.691717885
100506965_at,8.687732872
282566_at,8.68339183
57480_at,8.682522875
150365_at,8.682344605
3047_at,8.680809061
100420638_at,8.680423065
8717_at,8.675913919
158586_at,8.673572367
101927546_at,8.667767164
84245_at,8.666032065
28685_at,8.664843296
100130102_at,8.662400024
6727_at,8.657607061
2549_at,8.656779947
32_at,8.656638913
10845_at,8.653372
4700_at,8.647510894
388646_at,8.646142504
106481819_at,8.646009521
1511_at,8.640858815
26118_at,8.639502963
6240_at,8.639368636
10450_at,8.637275802
23193_at,8.635346773
26045_at,8.630471272
5936_at,8.629285813
6203_at,8.628506779
54930_at,8.628446188
65251_at,8.62643505
9903_at,8.625416275
146053_at,8.625352555
10093_at,8.623797271
170954_at,8.623198919
646624_at,8.619411296
84674_at,8.618294715
100271584_at,8.617689082
28557_at,8.617604663
11275_at,8.617388206
28714_at,8.616640854
84189_at,8.606614672
85236_at,8.604115788
109617006_at,8.594610134
401233_at,8.591753626
3312_at,8.586834772
692108_at,8.585395212
728963_at,8.585016333
106479662_at,8.584193803
165530_at,8.580237067
145508_at,8.577505562
5074_at,8.576232062
55809_at,8.575505027
2887_at,8.57360705
599_at,8.571821388
23318_at,8.565411875
23179_at,8.559669776
3157_at,8.557673418
729494_at,8.555794052
399744_at,8.548592753
374900_at,8.546580511
283899_at,8.543945915
2799_at,8.543656986
5796_at,8.538916464
54820_at,8.536837241
64376_at,8.535799626
84890_at,8.533695365
118980_at,8.53361277
AFFX-r2-Ec-bioB-5_at,8.532609208
171560_at,8.526293236
55846_at,8.526066934
962_at,8.523966601
28703_at,8.523357252
26806_at,8.521449701
106481389_at,8.519489756
56997_at,8.518443758
147965_at,8.516873839
4799_at,8.513773986
107986114_at,8.510131618
94005_at,8.505272813
515_at,8.504182006
26001_at,8.500185136
101929241_at,8.497430063
55152_at,8.497388836
100533183_at,8.496301419
388566_at,8.496026339
26770_at,8.490381464
101928663_at,8.484196662
171425_at,8.472213685
196513_at,8.471653449
28447_at,8.470112649
23177_at,8.469885993
55361_at,8.466968786
1808_at,8.464054746
28585_at,8.46133305
100885789_at,8.458807644
80003_at,8.453757144
28661_at,8.452204885
90352_at,8.445853867
4088_at,8.442799798
107986346_at,8.439467361
23523_at,8.437232137
1399_at,8.436312319
7566_at,8.435563365
28964_at,8.433880144
100506058_at,8.432879117
106480112_at,8.427736583
28450_at,8.426898831
100421374_at,8.426741192
11047_at,8.423087287
9880_at,8.421177068
54106_at,8.415699266
105369645_at,8.41233482
115207_at,8.410856924
400958_at,8.40955836
384_at,8.399829509
28467_at,8.395895347
29100_at,8.395606663
814_at,8.391744994
100033425_at,8.387754652
105372952_at,8.385117358
25873_at,8.38442555
220213_at,8.383556324
90317_at,8.369535328
654342_at,8.367810919
23094_at,8.365290508
54414_at,8.364951983
26798_at,8.359870575
5730_at,8.357614408
105372482_at,8.357085052
400055_at,8.355602007
729435_at,8.352551567
92241_at,8.350468694
90134_at,8.34858427
3188_at,8.347545665
282997_at,8.346038128
9911_at,8.335869101
151888_at,8.331100505
55262_at,8.330404605
112268446_at,8.326852109
23764_at,8.326770602
647286_at,8.320849145
107987141_at,8.31820846
55217_at,8.314995008
677805_at,8.314751547
730051_at,8.312714542
118426_at,8.30973634
7263_at,8.307560774
84678_at,8.306582678
